lfdn,vote,prompt_A,CDU/CSU,SPD,Grünen,AfD,Die Linke,FDP,raw_response
1,CDU/CSU,"Ich bin 57 Jahre alt. Ich bin männlich. Ich habe einen Realschulabschluss. Ich habe ein niedriges monatliches Haushalts-Nettoeinkommen. Ich bin nicht berufstätig. Ich bin sehr religiös. Politisch-ideologisch ordne ich mich mittig rechts ein. Ich identifiziere mich mäßig mit der Partei CDU/CSU. Ich lebe in Westdeutschland. Ich finde, die Regierung sollte die Einwanderung erleichtern. Ich finde, die Regierung sollte keine Maßnahmen ergreifen, um die Einkommensunterschiede zu verringern. ",60.0,20.0,5.0,5.0,5.0,5.0,"{""parteien"": [{""name"": ""CDU/CSU"", ""wahrscheinlichkeit"": 60}, {""name"": ""SPD"", ""wahrscheinlichkeit"": 20}, {""name"": ""Grünen"", ""wahrscheinlichkeit"": 5}, {""name"": ""AfD"", ""wahrscheinlichkeit"": 5}, {""name"": ""Die Linke"", ""wahrscheinlichkeit"": 5}, {""name"": ""FDP"", ""wahrscheinlichkeit"": 5}]}"
2,Bündnis 90/Die Grünen,"Ich bin 53 Jahre alt. Ich bin männlich. Ich habe einen Hochschulabschluss. Ich habe ein mittleres monatliches Haushalts-Nettoeinkommen. Ich bin berufstätig. Ich bin nicht sehr religiös. Politisch-ideologisch ordne ich mich in der Mitte ein. Ich identifiziere mich ziemlich stark mit der Partei SPD. Ich lebe in Westdeutschland. Ich finde, die Regierung sollte die Einwanderung erleichtern. Ich finde, die Regierung sollte Maßnahmen ergreifen, um die Einkommensunterschiede zu verringern. ",5.0,60.0,20.0,3.0,10.0,2.0,"{ ""parteien"": [
    { ""name"": ""SPD"", ""wahrscheinlichkeit"": 60 },
    { ""name"": ""Grünen"", ""wahrscheinlichkeit"": 20 },
    { ""name"": ""Die Linke"", ""wahrscheinlichkeit"": 10 },
    { ""name"": ""CDU/CSU"", ""wahrscheinlichkeit"": 5 },
    { ""name"": ""AfD"", ""wahrscheinlichkeit"": 3 },
    { ""name"": ""FDP"", ""wahrscheinlichkeit"": 2 }
] }"
3,CDU/CSU,"Ich bin 64 Jahre alt. Ich bin weiblich. Ich habe Abitur. Ich habe ein mittleres monatliches Haushalts-Nettoeinkommen. Ich bin berufstätig. Ich bin sehr religiös. Ich identifiziere mich mit keiner Partei. Ich lebe in Westdeutschland. Ich finde, die Regierung sollte die Einwanderung weder erleichtern noch einschränken. Ich finde, die Regierung sollte keine Maßnahmen ergreifen, um die Einkommensunterschiede zu verringern. ",30.0,20.0,15.0,10.0,5.0,20.0,"{""parteien"": [{""name"": ""CDU/CSU"", ""wahrscheinlichkeit"": 30}, {""name"": ""SPD"", ""wahrscheinlichkeit"": 20}, {""name"": ""Grünen"", ""wahrscheinlichkeit"": 15}, {""name"": ""AfD"", ""wahrscheinlichkeit"": 10}, {""name"": ""Die Linke"", ""wahrscheinlichkeit"": 5}, {""name"": ""FDP"", ""wahrscheinlichkeit"": 20}]}"
6,Bündnis 90/Die Grünen,"Ich bin 58 Jahre alt. Ich bin männlich. Ich habe einen Hochschulabschluss. Ich habe ein mittleres monatliches Haushalts-Nettoeinkommen. Ich bin berufstätig. Ich bin überhaupt nicht religiös. Politisch-ideologisch ordne ich mich mittig links ein. Ich identifiziere mich ziemlich stark mit der Partei Bündnis 90/Die Grünen. Ich lebe in Westdeutschland. Ich finde, die Regierung sollte die Einwanderung weder erleichtern noch einschränken. Ich finde, die Regierung sollte Maßnahmen ergreifen, um die Einkommensunterschiede zu verringern. ",5.0,10.0,60.0,3.0,20.0,2.0,"{ ""parteien"": [ { ""name"": ""Grünen"", ""wahrscheinlichkeit"": 60 }, { ""name"": ""Die Linke"", ""wahrscheinlichkeit"": 20 }, { ""name"": ""SPD"", ""wahrscheinlichkeit"": 10 }, { ""name"": ""CDU/CSU"", ""wahrscheinlichkeit"": 5 }, { ""name"": ""AfD"", ""wahrscheinlichkeit"": 3 }, { ""name"": ""FDP"", ""wahrscheinlichkeit"": 2 } ] }"
7,SPD,"Ich bin 66 Jahre alt. Ich bin weiblich. Ich habe einen Realschulabschluss. Ich habe ein mittleres monatliches Haushalts-Nettoeinkommen. Ich bin nicht berufstätig. Ich bin überhaupt nicht religiös. Politisch-ideologisch ordne ich mich mittig links ein. Ich identifiziere mich ziemlich stark mit der Partei SPD. Ich lebe in Westdeutschland. Ich finde, die Regierung sollte die Einwanderung erleichtern. Ich finde, die Regierung sollte Maßnahmen ergreifen, um die Einkommensunterschiede zu verringern. ",5.0,60.0,10.0,3.0,20.0,2.0,"{ ""parteien"": [
    { ""name"": ""SPD"", ""wahrscheinlichkeit"": 60 },
    { ""name"": ""Die Linke"", ""wahrscheinlichkeit"": 20 },
    { ""name"": ""Grünen"", ""wahrscheinlichkeit"": 10 },
    { ""name"": ""CDU/CSU"", ""wahrscheinlichkeit"": 5 },
    { ""name"": ""AfD"", ""wahrscheinlichkeit"": 3 },
    { ""name"": ""FDP"", ""wahrscheinlichkeit"": 2 }
] }"
8,FDP,"Ich bin 41 Jahre alt. Ich bin männlich. Ich habe einen Hochschulabschluss. Ich bin berufstätig. Ich bin überhaupt nicht religiös. Politisch-ideologisch ordne ich mich in der Mitte ein. Ich identifiziere mich ziemlich schwach mit der Partei FDP. Ich lebe in Westdeutschland. Ich finde, die Regierung sollte die Einwanderung weder erleichtern noch einschränken. Ich finde, die Regierung sollte Maßnahmen ergreifen, um die Einkommensunterschiede zu verringern. ",5.0,25.0,20.0,5.0,15.0,30.0,"{ ""parteien"": [ { ""name"": ""FDP"", ""wahrscheinlichkeit"": 30 }, { ""name"": ""SPD"", ""wahrscheinlichkeit"": 25 }, { ""name"": ""Grünen"", ""wahrscheinlichkeit"": 20 }, { ""name"": ""Die Linke"", ""wahrscheinlichkeit"": 15 }, { ""name"": ""CDU/CSU"", ""wahrscheinlichkeit"": 5 }, { ""name"": ""AfD"", ""wahrscheinlichkeit"": 5 } ] }"
11,Bündnis 90/Die Grünen,"Ich bin 68 Jahre alt. Ich bin weiblich. Ich habe einen Hauptschulabschluss. Ich habe ein mittleres monatliches Haushalts-Nettoeinkommen. Ich bin nicht berufstätig. Ich bin überhaupt nicht religiös. Politisch-ideologisch ordne ich mich in der Mitte ein. Ich identifiziere mich ziemlich stark mit der Partei SPD. Ich lebe in Westdeutschland. Ich finde, die Regierung sollte die Einwanderung weder erleichtern noch einschränken. Ich finde, die Regierung sollte Maßnahmen ergreifen, um die Einkommensunterschiede zu verringern. ",5.0,60.0,15.0,5.0,10.0,5.0,"{ ""parteien"": [ { ""name"": ""SPD"", ""wahrscheinlichkeit"": 60 }, { ""name"": ""Grünen"", ""wahrscheinlichkeit"": 15 }, { ""name"": ""Die Linke"", ""wahrscheinlichkeit"": 10 }, { ""name"": ""CDU/CSU"", ""wahrscheinlichkeit"": 5 }, { ""name"": ""FDP"", ""wahrscheinlichkeit"": 5 }, { ""name"": ""AfD"", ""wahrscheinlichkeit"": 5 } ] }"
13,SPD,"Ich bin 45 Jahre alt. Ich bin männlich. Ich habe einen Realschulabschluss. Ich habe ein niedriges monatliches Haushalts-Nettoeinkommen. Ich bin nicht berufstätig. Ich bin etwas religiös. Politisch-ideologisch ordne ich mich mittig links ein. Ich identifiziere mich sehr stark mit der Partei SPD. Ich lebe in Westdeutschland. Ich finde, die Regierung sollte die Einwanderung erleichtern. Ich finde, die Regierung sollte Maßnahmen ergreifen, um die Einkommensunterschiede zu verringern. ",2.0,80.0,5.0,1.0,10.0,2.0,"{ ""parteien"": [ { ""name"": ""SPD"", ""wahrscheinlichkeit"": 80 }, { ""name"": ""Die Linke"", ""wahrscheinlichkeit"": 10 }, { ""name"": ""Grünen"", ""wahrscheinlichkeit"": 5 }, { ""name"": ""CDU/CSU"", ""wahrscheinlichkeit"": 2 }, { ""name"": ""AfD"", ""wahrscheinlichkeit"": 1 }, { ""name"": ""FDP"", ""wahrscheinlichkeit"": 2 } ] }"
14,Die Linke,"Ich bin 73 Jahre alt. Ich bin weiblich. Ich habe einen Hauptschulabschluss. Ich bin nicht berufstätig. Ich bin etwas religiös. Politisch-ideologisch ordne ich mich in der Mitte ein. Ich identifiziere mich mit keiner Partei. Ich lebe in Westdeutschland. Ich finde, die Regierung sollte die Einwanderung einschränken. Ich finde, die Regierung sollte Maßnahmen ergreifen, um die Einkommensunterschiede zu verringern. ",30.0,25.0,15.0,20.0,5.0,5.0,"{ ""parteien"": [ { ""name"": ""CDU/CSU"", ""wahrscheinlichkeit"": 30 }, { ""name"": ""SPD"", ""wahrscheinlichkeit"": 25 }, { ""name"": ""Grünen"", ""wahrscheinlichkeit"": 15 }, { ""name"": ""AfD"", ""wahrscheinlichkeit"": 20 }, { ""name"": ""Die Linke"", ""wahrscheinlichkeit"": 5 }, { ""name"": ""FDP"", ""wahrscheinlichkeit"": 5 } ] }"
15,Bündnis 90/Die Grünen,"Ich bin 26 Jahre alt. Ich bin männlich. Ich habe einen Realschulabschluss. Ich habe ein mittleres monatliches Haushalts-Nettoeinkommen. Ich bin in Ausbildung. Ich bin etwas religiös. Politisch-ideologisch ordne ich mich stark links ein. Ich identifiziere mich mäßig mit der Partei Die Linke. Ich lebe in Westdeutschland. Ich finde, die Regierung sollte die Einwanderung erleichtern. Ich finde, die Regierung sollte Maßnahmen ergreifen, um die Einkommensunterschiede zu verringern. ",5.0,20.0,10.0,0.0,60.0,5.0,"{ ""parteien"": [ { ""name"": ""Die Linke"", ""wahrscheinlichkeit"": 60 }, { ""name"": ""SPD"", ""wahrscheinlichkeit"": 20 }, { ""name"": ""Grünen"", ""wahrscheinlichkeit"": 10 }, { ""name"": ""AfD"", ""wahrscheinlichkeit"": 0 }, { ""name"": ""CDU/CSU"", ""wahrscheinlichkeit"": 5 }, { ""name"": ""FDP"", ""wahrscheinlichkeit"": 5 } ] }"
16,SPD,"Ich bin 54 Jahre alt. Ich bin weiblich. Ich habe einen Hochschulabschluss. Ich habe ein hohes monatliches Haushalts-Nettoeinkommen. Ich bin berufstätig. Ich bin nicht sehr religiös. Politisch-ideologisch ordne ich mich mittig links ein. Ich identifiziere mich sehr stark mit der Partei Bündnis 90/Die Grünen. Ich lebe in Westdeutschland. Ich finde, die Regierung sollte die Einwanderung erleichtern. Ich finde, die Regierung sollte Maßnahmen ergreifen, um die Einkommensunterschiede zu verringern. ",0.0,5.0,85.0,0.0,5.0,5.0,"{ ""parteien"": [ { ""name"": ""CDU/CSU"", ""wahrscheinlichkeit"": 0 }, { ""name"": ""SPD"", ""wahrscheinlichkeit"": 5 }, { ""name"": ""Grünen"", ""wahrscheinlichkeit"": 85 }, { ""name"": ""AfD"", ""wahrscheinlichkeit"": 0 }, { ""name"": ""Die Linke"", ""wahrscheinlichkeit"": 5 }, { ""name"": ""FDP"", ""wahrscheinlichkeit"": 5 } ] }"
17,CDU/CSU,"Ich bin 20 Jahre alt. Ich bin weiblich. Ich habe einen Realschulabschluss. Ich bin berufstätig. Ich bin nicht sehr religiös. Politisch-ideologisch ordne ich mich in der Mitte ein. Ich identifiziere mich ziemlich stark mit der Partei CDU/CSU. Ich lebe in Westdeutschland. Ich finde, die Regierung sollte die Einwanderung erleichtern. Ich finde, die Regierung sollte Maßnahmen ergreifen, um die Einkommensunterschiede zu verringern. ",40.0,25.0,20.0,5.0,5.0,5.0,"{ ""parteien"": [ { ""name"": ""CDU/CSU"", ""wahrscheinlichkeit"": 40 }, { ""name"": ""SPD"", ""wahrscheinlichkeit"": 25 }, { ""name"": ""Grünen"", ""wahrscheinlichkeit"": 20 }, { ""name"": ""AfD"", ""wahrscheinlichkeit"": 5 }, { ""name"": ""Die Linke"", ""wahrscheinlichkeit"": 5 }, { ""name"": ""FDP"", ""wahrscheinlichkeit"": 5 } ] }"
18,CDU/CSU,"Ich bin 44 Jahre alt. Ich bin weiblich. Ich habe einen Hochschulabschluss. Ich habe ein hohes monatliches Haushalts-Nettoeinkommen. Ich bin berufstätig. Ich bin überhaupt nicht religiös. Politisch-ideologisch ordne ich mich in der Mitte ein. Ich identifiziere mich mäßig mit der Partei CDU/CSU. Ich lebe in Westdeutschland. Ich finde, die Regierung sollte die Einwanderung einschränken. Ich finde, die Regierung sollte keine Maßnahmen ergreifen, um die Einkommensunterschiede zu verringern. ",60.0,10.0,5.0,20.0,3.0,2.0,"{ ""parteien"": [ { ""name"": ""CDU/CSU"", ""wahrscheinlichkeit"": 60 }, { ""name"": ""SPD"", ""wahrscheinlichkeit"": 10 }, { ""name"": ""Grünen"", ""wahrscheinlichkeit"": 5 }, { ""name"": ""AfD"", ""wahrscheinlichkeit"": 20 }, { ""name"": ""Die Linke"", ""wahrscheinlichkeit"": 3 }, { ""name"": ""FDP"", ""wahrscheinlichkeit"": 2 } ] }"
19,CDU/CSU,"Ich bin 34 Jahre alt. Ich bin männlich. Ich habe einen Hochschulabschluss. Ich habe ein hohes monatliches Haushalts-Nettoeinkommen. Ich bin berufstätig. Ich bin überhaupt nicht religiös. Politisch-ideologisch ordne ich mich in der Mitte ein. Ich identifiziere mich mäßig mit der Partei CDU/CSU. Ich lebe in Westdeutschland. Ich finde, die Regierung sollte die Einwanderung erleichtern. Ich finde, die Regierung sollte Maßnahmen ergreifen, um die Einkommensunterschiede zu verringern. ",20.0,25.0,30.0,5.0,10.0,10.0,"{ ""parteien"": [ { ""name"": ""CDU/CSU"", ""wahrscheinlichkeit"": 20 }, { ""name"": ""SPD"", ""wahrscheinlichkeit"": 25 }, { ""name"": ""Grünen"", ""wahrscheinlichkeit"": 30 }, { ""name"": ""AfD"", ""wahrscheinlichkeit"": 5 }, { ""name"": ""Die Linke"", ""wahrscheinlichkeit"": 10 }, { ""name"": ""FDP"", ""wahrscheinlichkeit"": 10 } ] }"
20,AfD,"Ich bin 48 Jahre alt. Ich bin männlich. Ich habe einen Realschulabschluss. Ich habe ein mittleres monatliches Haushalts-Nettoeinkommen. Ich bin berufstätig. Ich bin überhaupt nicht religiös. Politisch-ideologisch ordne ich mich stark rechts ein. Ich identifiziere mich sehr stark mit der Partei CDU/CSU. Ich lebe in Westdeutschland. Ich finde, die Regierung sollte die Einwanderung einschränken. Ich finde, die Regierung sollte Maßnahmen ergreifen, um die Einkommensunterschiede zu verringern. ",70.0,3.0,1.0,20.0,1.0,5.0,"{ ""parteien"": [ { ""name"": ""CDU/CSU"", ""wahrscheinlichkeit"": 70 }, { ""name"": ""AfD"", ""wahrscheinlichkeit"": 20 }, { ""name"": ""FDP"", ""wahrscheinlichkeit"": 5 }, { ""name"": ""SPD"", ""wahrscheinlichkeit"": 3 }, { ""name"": ""Grünen"", ""wahrscheinlichkeit"": 1 }, { ""name"": ""Die Linke"", ""wahrscheinlichkeit"": 1 } ] }"
21,SPD,"Ich bin 65 Jahre alt. Ich bin männlich. Ich habe einen Hauptschulabschluss. Ich habe ein mittleres monatliches Haushalts-Nettoeinkommen. Ich bin nicht berufstätig. Ich bin überhaupt nicht religiös. Politisch-ideologisch ordne ich mich stark links ein. Ich identifiziere mich ziemlich stark mit der Partei SPD. Ich lebe in Westdeutschland. Ich finde, die Regierung sollte die Einwanderung einschränken. Ich finde, die Regierung sollte Maßnahmen ergreifen, um die Einkommensunterschiede zu verringern. ",3.0,30.0,10.0,15.0,40.0,2.0,"{""parteien"": [
    {""name"": ""Die Linke"", ""wahrscheinlichkeit"": 40},
    {""name"": ""SPD"", ""wahrscheinlichkeit"": 30},
    {""name"": ""AfD"", ""wahrscheinlichkeit"": 15},
    {""name"": ""Grünen"", ""wahrscheinlichkeit"": 10},
    {""name"": ""CDU/CSU"", ""wahrscheinlichkeit"": 3},
    {""name"": ""FDP"", ""wahrscheinlichkeit"": 2}
]}"
23,Bündnis 90/Die Grünen,"Ich bin 76 Jahre alt. Ich bin weiblich. Ich habe einen Hauptschulabschluss. Ich habe ein niedriges monatliches Haushalts-Nettoeinkommen. Ich bin nicht berufstätig. Ich bin nicht sehr religiös. Politisch-ideologisch ordne ich mich in der Mitte ein. Ich identifiziere mich ziemlich stark mit der Partei Bündnis 90/Die Grünen. Ich lebe in Westdeutschland. Ich finde, die Regierung sollte die Einwanderung einschränken. Ich finde, die Regierung sollte Maßnahmen ergreifen, um die Einkommensunterschiede zu verringern. ",5.0,30.0,40.0,3.0,20.0,2.0,"{""parteien"": [
    {""name"": ""Grünen"", ""wahrscheinlichkeit"": 40},
    {""name"": ""SPD"", ""wahrscheinlichkeit"": 30},
    {""name"": ""Die Linke"", ""wahrscheinlichkeit"": 20},
    {""name"": ""CDU/CSU"", ""wahrscheinlichkeit"": 5},
    {""name"": ""AfD"", ""wahrscheinlichkeit"": 3},
    {""name"": ""FDP"", ""wahrscheinlichkeit"": 2}
]}"
24,CDU/CSU,"Ich bin 51 Jahre alt. Ich bin weiblich. Ich habe einen Realschulabschluss. Ich habe ein hohes monatliches Haushalts-Nettoeinkommen. Ich bin berufstätig. Ich bin etwas religiös. Politisch-ideologisch ordne ich mich in der Mitte ein. Ich identifiziere mich ziemlich stark mit der Partei CDU/CSU. Ich lebe in Westdeutschland. Ich finde, die Regierung sollte die Einwanderung weder erleichtern noch einschränken. Ich habe keine Meinung dazu, ob die Regierung Maßnahmen ergreifen sollte, um die Einkommensunterschiede zu verringern. ",60.0,15.0,10.0,5.0,5.0,5.0,"{ ""parteien"": [
    {""name"": ""CDU/CSU"", ""wahrscheinlichkeit"": 60},
    {""name"": ""SPD"", ""wahrscheinlichkeit"": 15},
    {""name"": ""Grünen"", ""wahrscheinlichkeit"": 10},
    {""name"": ""AfD"", ""wahrscheinlichkeit"": 5},
    {""name"": ""Die Linke"", ""wahrscheinlichkeit"": 5},
    {""name"": ""FDP"", ""wahrscheinlichkeit"": 5}
] }"
25,SPD,"Ich bin 66 Jahre alt. Ich bin weiblich. Ich habe Abitur. Ich habe ein mittleres monatliches Haushalts-Nettoeinkommen. Ich bin nicht berufstätig. Ich bin überhaupt nicht religiös. Politisch-ideologisch ordne ich mich mittig links ein. Ich identifiziere mich ziemlich stark mit der Partei SPD. Ich lebe in Westdeutschland. Ich finde, die Regierung sollte die Einwanderung einschränken. Ich finde, die Regierung sollte Maßnahmen ergreifen, um die Einkommensunterschiede zu verringern. ",5.0,60.0,10.0,3.0,20.0,2.0,"{ ""parteien"": [ { ""name"": ""SPD"", ""wahrscheinlichkeit"": 60 }, { ""name"": ""Die Linke"", ""wahrscheinlichkeit"": 20 }, { ""name"": ""Grünen"", ""wahrscheinlichkeit"": 10 }, { ""name"": ""CDU/CSU"", ""wahrscheinlichkeit"": 5 }, { ""name"": ""AfD"", ""wahrscheinlichkeit"": 3 }, { ""name"": ""FDP"", ""wahrscheinlichkeit"": 2 } ] }"
27,Bündnis 90/Die Grünen,"Ich bin 45 Jahre alt. Ich bin weiblich. Ich habe einen Realschulabschluss. Ich habe ein mittleres monatliches Haushalts-Nettoeinkommen. Ich bin berufstätig. Ich bin etwas religiös. Politisch-ideologisch ordne ich mich in der Mitte ein. Ich identifiziere mich mäßig mit der Partei Bündnis 90/Die Grünen. Ich lebe in Westdeutschland. Ich finde, die Regierung sollte die Einwanderung erleichtern. Ich finde, die Regierung sollte Maßnahmen ergreifen, um die Einkommensunterschiede zu verringern. ",5.0,20.0,60.0,2.0,10.0,3.0,"{ ""parteien"": [ { ""name"": ""Grünen"", ""wahrscheinlichkeit"": 60 }, { ""name"": ""SPD"", ""wahrscheinlichkeit"": 20 }, { ""name"": ""Die Linke"", ""wahrscheinlichkeit"": 10 }, { ""name"": ""CDU/CSU"", ""wahrscheinlichkeit"": 5 }, { ""name"": ""FDP"", ""wahrscheinlichkeit"": 3 }, { ""name"": ""AfD"", ""wahrscheinlichkeit"": 2 } ] }"
28,CDU/CSU,"Ich bin 78 Jahre alt. Ich bin männlich. Ich habe einen Hochschulabschluss. Ich habe ein mittleres monatliches Haushalts-Nettoeinkommen. Ich bin nicht berufstätig. Ich bin nicht sehr religiös. Politisch-ideologisch ordne ich mich mittig rechts ein. Ich identifiziere mich ziemlich stark mit der Partei CDU/CSU. Ich lebe in Westdeutschland. Ich finde, die Regierung sollte die Einwanderung weder erleichtern noch einschränken. Ich habe keine Meinung dazu, ob die Regierung Maßnahmen ergreifen sollte, um die Einkommensunterschiede zu verringern. ",80.0,5.0,5.0,3.0,2.0,5.0,"{ ""parteien"": [
    {""name"": ""CDU/CSU"", ""wahrscheinlichkeit"": 80}, {""name"": ""SPD"", ""wahrscheinlichkeit"": 5},
    {""name"": ""Grünen"", ""wahrscheinlichkeit"": 5}, {""name"": ""AfD"", ""wahrscheinlichkeit"": 3},
    {""name"": ""Die Linke"", ""wahrscheinlichkeit"": 2}, {""name"": ""FDP"", ""wahrscheinlichkeit"": 5}
] }"
29,CDU/CSU,"Ich bin 88 Jahre alt. Ich bin männlich. Ich habe einen Hochschulabschluss. Ich habe ein mittleres monatliches Haushalts-Nettoeinkommen. Ich bin nicht berufstätig. Ich bin etwas religiös. Politisch-ideologisch ordne ich mich in der Mitte ein. Ich identifiziere mich sehr stark mit der Partei CDU/CSU. Ich lebe in Westdeutschland. Ich finde, die Regierung sollte die Einwanderung einschränken. Ich finde, die Regierung sollte Maßnahmen ergreifen, um die Einkommensunterschiede zu verringern. ",60.0,20.0,5.0,10.0,3.0,2.0,"{""parteien"": [
    {""name"": ""CDU/CSU"", ""wahrscheinlichkeit"": 60},
    {""name"": ""SPD"", ""wahrscheinlichkeit"": 20},
    {""name"": ""Grünen"", ""wahrscheinlichkeit"": 5},
    {""name"": ""AfD"", ""wahrscheinlichkeit"": 10},
    {""name"": ""Die Linke"", ""wahrscheinlichkeit"": 3},
    {""name"": ""FDP"", ""wahrscheinlichkeit"": 2}
]}"
30,CDU/CSU,"Ich bin 79 Jahre alt. Ich bin weiblich. Ich habe einen Realschulabschluss. Ich habe ein niedriges monatliches Haushalts-Nettoeinkommen. Ich bin nicht berufstätig. Ich bin sehr religiös. Politisch-ideologisch ordne ich mich stark rechts ein. Ich identifiziere mich ziemlich stark mit der Partei CDU/CSU. Ich lebe in Westdeutschland. Ich finde, die Regierung sollte die Einwanderung einschränken. Ich finde, die Regierung sollte keine Maßnahmen ergreifen, um die Einkommensunterschiede zu verringern. ",80.0,1.0,0.5,15.0,0.5,3.0,"{ ""parteien"": [ { ""name"": ""CDU/CSU"", ""wahrscheinlichkeit"": 80 }, { ""name"": ""AfD"", ""wahrscheinlichkeit"": 15 }, { ""name"": ""FDP"", ""wahrscheinlichkeit"": 3 }, { ""name"": ""SPD"", ""wahrscheinlichkeit"": 1 }, { ""name"": ""Grünen"", ""wahrscheinlichkeit"": 0.5 }, { ""name"": ""Die Linke"", ""wahrscheinlichkeit"": 0.5 } ] }"
31,CDU/CSU,"Ich bin 69 Jahre alt. Ich bin männlich. Ich habe einen Hauptschulabschluss. Ich habe ein mittleres monatliches Haushalts-Nettoeinkommen. Ich bin nicht berufstätig. Ich bin etwas religiös. Politisch-ideologisch ordne ich mich mittig rechts ein. Ich identifiziere mich ziemlich stark mit der Partei CDU/CSU. Ich lebe in Westdeutschland. Ich finde, die Regierung sollte die Einwanderung erleichtern. Ich finde, die Regierung sollte keine Maßnahmen ergreifen, um die Einkommensunterschiede zu verringern. ",80.0,5.0,5.0,0.0,0.0,10.0,"{ ""parteien"": [ { ""name"": ""CDU/CSU"", ""wahrscheinlichkeit"": 80 }, { ""name"": ""SPD"", ""wahrscheinlichkeit"": 5 }, { ""name"": ""Grünen"", ""wahrscheinlichkeit"": 5 }, { ""name"": ""AfD"", ""wahrscheinlichkeit"": 0 }, { ""name"": ""Die Linke"", ""wahrscheinlichkeit"": 0 }, { ""name"": ""FDP"", ""wahrscheinlichkeit"": 10 } ] }"
32,Bündnis 90/Die Grünen,"Ich bin 76 Jahre alt. Ich bin männlich. Ich habe einen Hauptschulabschluss. Ich habe ein mittleres monatliches Haushalts-Nettoeinkommen. Ich bin nicht berufstätig. Ich bin nicht sehr religiös. Politisch-ideologisch ordne ich mich mittig links ein. Ich identifiziere mich ziemlich stark mit der Partei Bündnis 90/Die Grünen. Ich lebe in Westdeutschland. Ich finde, die Regierung sollte die Einwanderung erleichtern. Ich finde, die Regierung sollte Maßnahmen ergreifen, um die Einkommensunterschiede zu verringern. ",5.0,15.0,60.0,5.0,10.0,5.0,"{
    ""parteien"": [
        {""name"": ""CDU/CSU"", ""wahrscheinlichkeit"": 5},
        {""name"": ""SPD"", ""wahrscheinlichkeit"": 15},
        {""name"": ""Grünen"", ""wahrscheinlichkeit"": 60},
        {""name"": ""AfD"", ""wahrscheinlichkeit"": 5},
        {""name"": ""Die Linke"", ""wahrscheinlichkeit"": 10},
        {""name"": ""FDP"", ""wahrscheinlichkeit"": 5}
    ]
}"
33,CDU/CSU,"Ich bin 21 Jahre alt. Ich bin weiblich. Ich habe einen Hauptschulabschluss. Ich habe ein mittleres monatliches Haushalts-Nettoeinkommen. Ich bin in Ausbildung. Ich bin nicht sehr religiös. Ich identifiziere mich mit keiner Partei. Ich lebe in Westdeutschland. Ich finde, die Regierung sollte die Einwanderung einschränken. Ich finde, die Regierung sollte Maßnahmen ergreifen, um die Einkommensunterschiede zu verringern. ",5.0,20.0,15.0,30.0,25.0,5.0,"{ ""parteien"": [ { ""name"": ""Die Linke"", ""wahrscheinlichkeit"": 25 }, { ""name"": ""SPD"", ""wahrscheinlichkeit"": 20 }, { ""name"": ""Grünen"", ""wahrscheinlichkeit"": 15 }, { ""name"": ""AfD"", ""wahrscheinlichkeit"": 30 }, { ""name"": ""CDU/CSU"", ""wahrscheinlichkeit"": 5 }, { ""name"": ""FDP"", ""wahrscheinlichkeit"": 5 } ] }"
34,SPD,"Ich bin 51 Jahre alt. Ich bin weiblich. Ich habe einen Realschulabschluss. Ich bin berufstätig. Ich bin etwas religiös. Ich identifiziere mich mäßig mit der Partei Bündnis 90/Die Grünen. Ich lebe in Westdeutschland. Ich finde, die Regierung sollte die Einwanderung einschränken. Ich finde, die Regierung sollte Maßnahmen ergreifen, um die Einkommensunterschiede zu verringern. ",5.0,20.0,60.0,3.0,10.0,2.0,"{
  ""parteien"": [
    {
      ""name"": ""Grünen"",
      ""wahrscheinlichkeit"": 60
    },
    {
      ""name"": ""SPD"",
      ""wahrscheinlichkeit"": 20
    },
    {
      ""name"": ""Die Linke"",
      ""wahrscheinlichkeit"": 10
    },
    {
      ""name"": ""CDU/CSU"",
      ""wahrscheinlichkeit"": 5
    },
    {
      ""name"": ""AfD"",
      ""wahrscheinlichkeit"": 3
    },
    {
      ""name"": ""FDP"",
      ""wahrscheinlichkeit"": 2
    }
  ]
}"
35,CDU/CSU,"Ich bin 39 Jahre alt. Ich bin weiblich. Ich habe einen Hochschulabschluss. Ich bin in Ausbildung. Politisch-ideologisch ordne ich mich in der Mitte ein. Ich identifiziere mich mäßig mit der Partei CDU/CSU. Ich lebe in Westdeutschland. Ich finde, die Regierung sollte die Einwanderung weder erleichtern noch einschränken. Ich finde, die Regierung sollte Maßnahmen ergreifen, um die Einkommensunterschiede zu verringern. ",40.0,25.0,15.0,5.0,10.0,5.0,"{""parteien"": [
    {""name"": ""CDU/CSU"", ""wahrscheinlichkeit"": 40},
    {""name"": ""SPD"", ""wahrscheinlichkeit"": 25},
    {""name"": ""Grünen"", ""wahrscheinlichkeit"": 15},
    {""name"": ""AfD"", ""wahrscheinlichkeit"": 5},
    {""name"": ""Die Linke"", ""wahrscheinlichkeit"": 10},
    {""name"": ""FDP"", ""wahrscheinlichkeit"": 5}
]}"
36,Bündnis 90/Die Grünen,"Ich bin 56 Jahre alt. Ich bin männlich. Ich habe einen Realschulabschluss. Ich habe ein niedriges monatliches Haushalts-Nettoeinkommen. Ich bin nicht berufstätig. Ich bin etwas religiös. Politisch-ideologisch ordne ich mich mittig links ein. Ich identifiziere mich ziemlich stark mit der Partei Bündnis 90/Die Grünen. Ich lebe in Westdeutschland. Ich finde, die Regierung sollte die Einwanderung erleichtern. Ich habe keine Meinung dazu, ob die Regierung Maßnahmen ergreifen sollte, um die Einkommensunterschiede zu verringern. ",5.0,20.0,60.0,3.0,10.0,2.0,"{""parteien"": [{""name"": ""Grünen"", ""wahrscheinlichkeit"": 60}, {""name"": ""SPD"", ""wahrscheinlichkeit"": 20}, {""name"": ""Die Linke"", ""wahrscheinlichkeit"": 10}, {""name"": ""CDU/CSU"", ""wahrscheinlichkeit"": 5}, {""name"": ""AfD"", ""wahrscheinlichkeit"": 3}, {""name"": ""FDP"", ""wahrscheinlichkeit"": 2}]}"
37,Bündnis 90/Die Grünen,"Ich bin 74 Jahre alt. Ich bin weiblich. Ich habe einen Realschulabschluss. Ich habe ein niedriges monatliches Haushalts-Nettoeinkommen. Ich bin nicht berufstätig. Ich bin sehr religiös. Politisch-ideologisch ordne ich mich mittig links ein. Ich identifiziere mich mäßig mit der Partei CDU/CSU. Ich lebe in Westdeutschland. Ich finde, die Regierung sollte die Einwanderung erleichtern. Ich finde, die Regierung sollte Maßnahmen ergreifen, um die Einkommensunterschiede zu verringern. ",10.0,40.0,20.0,5.0,15.0,10.0,"{ ""parteien"": [ { ""name"": ""CDU/CSU"", ""wahrscheinlichkeit"": 10 }, { ""name"": ""SPD"", ""wahrscheinlichkeit"": 40 }, { ""name"": ""Grünen"", ""wahrscheinlichkeit"": 20 }, { ""name"": ""AfD"", ""wahrscheinlichkeit"": 5 }, { ""name"": ""Die Linke"", ""wahrscheinlichkeit"": 15 }, { ""name"": ""FDP"", ""wahrscheinlichkeit"": 10 } ] }"
38,Bündnis 90/Die Grünen,"Ich bin 81 Jahre alt. Ich bin weiblich. Ich habe einen Hauptschulabschluss. Ich habe ein mittleres monatliches Haushalts-Nettoeinkommen. Ich bin nicht berufstätig. Ich bin etwas religiös. Politisch-ideologisch ordne ich mich mittig rechts ein. Ich identifiziere mich mäßig mit der Partei SPD. Ich lebe in Westdeutschland. Ich finde, die Regierung sollte die Einwanderung weder erleichtern noch einschränken. Ich finde, die Regierung sollte Maßnahmen ergreifen, um die Einkommensunterschiede zu verringern. ",20.0,40.0,15.0,5.0,10.0,10.0,"{ ""parteien"": [ { ""name"": ""CDU/CSU"", ""wahrscheinlichkeit"": 20 }, { ""name"": ""SPD"", ""wahrscheinlichkeit"": 40 }, { ""name"": ""Grünen"", ""wahrscheinlichkeit"": 15 }, { ""name"": ""AfD"", ""wahrscheinlichkeit"": 5 }, { ""name"": ""Die Linke"", ""wahrscheinlichkeit"": 10 }, { ""name"": ""FDP"", ""wahrscheinlichkeit"": 10 } ] }"
39,CDU/CSU,"Ich bin 51 Jahre alt. Ich bin männlich. Ich habe einen Realschulabschluss. Ich habe ein mittleres monatliches Haushalts-Nettoeinkommen. Ich bin berufstätig. Ich bin nicht sehr religiös. Politisch-ideologisch ordne ich mich in der Mitte ein. Ich identifiziere mich sehr stark mit der Partei CDU/CSU. Ich lebe in Westdeutschland. Ich finde, die Regierung sollte die Einwanderung einschränken. Ich habe keine Meinung dazu, ob die Regierung Maßnahmen ergreifen sollte, um die Einkommensunterschiede zu verringern. ",80.0,5.0,2.0,10.0,2.0,1.0,"{
  ""parteien"": [
    {
      ""name"": ""CDU/CSU"",
      ""wahrscheinlichkeit"": 80
    },
    {
      ""name"": ""SPD"",
      ""wahrscheinlichkeit"": 5
    },
    {
      ""name"": ""Grünen"",
      ""wahrscheinlichkeit"": 2
    },
    {
      ""name"": ""AfD"",
      ""wahrscheinlichkeit"": 10
    },
    {
      ""name"": ""Die Linke"",
      ""wahrscheinlichkeit"": 2
    },
    {
      ""name"": ""FDP"",
      ""wahrscheinlichkeit"": 1
    }
  ]
}"
40,CDU/CSU,"Ich bin 58 Jahre alt. Ich bin weiblich. Ich habe einen Hauptschulabschluss. Ich bin berufstätig. Ich bin etwas religiös. Ich identifiziere mich mäßig mit der Partei CDU/CSU. Ich lebe in Westdeutschland. Ich finde, die Regierung sollte die Einwanderung einschränken. Ich finde, die Regierung sollte keine Maßnahmen ergreifen, um die Einkommensunterschiede zu verringern. ",60.0,5.0,3.0,20.0,2.0,10.0,"{ ""parteien"": [ { ""name"": ""CDU/CSU"", ""wahrscheinlichkeit"": 60 }, { ""name"": ""AfD"", ""wahrscheinlichkeit"": 20 }, { ""name"": ""SPD"", ""wahrscheinlichkeit"": 5 }, { ""name"": ""Grünen"", ""wahrscheinlichkeit"": 3 }, { ""name"": ""Die Linke"", ""wahrscheinlichkeit"": 2 }, { ""name"": ""FDP"", ""wahrscheinlichkeit"": 10 } ] }"
41,SPD,"Ich bin 53 Jahre alt. Ich bin männlich. Ich habe einen Realschulabschluss. Ich habe ein mittleres monatliches Haushalts-Nettoeinkommen. Ich bin berufstätig. Ich bin etwas religiös. Politisch-ideologisch ordne ich mich mittig links ein. Ich identifiziere mich ziemlich stark mit der Partei SPD. Ich lebe in Westdeutschland. Ich finde, die Regierung sollte die Einwanderung weder erleichtern noch einschränken. Ich finde, die Regierung sollte Maßnahmen ergreifen, um die Einkommensunterschiede zu verringern. ",5.0,60.0,20.0,3.0,10.0,2.0,"{ ""parteien"": [ { ""name"": ""SPD"", ""wahrscheinlichkeit"": 60 }, { ""name"": ""Grünen"", ""wahrscheinlichkeit"": 20 }, { ""name"": ""Die Linke"", ""wahrscheinlichkeit"": 10 }, { ""name"": ""CDU/CSU"", ""wahrscheinlichkeit"": 5 }, { ""name"": ""AfD"", ""wahrscheinlichkeit"": 3 }, { ""name"": ""FDP"", ""wahrscheinlichkeit"": 2 } ] }"
42,CDU/CSU,"Ich bin 83 Jahre alt. Ich bin männlich. Ich habe Abitur. Ich habe ein mittleres monatliches Haushalts-Nettoeinkommen. Ich bin nicht berufstätig. Ich bin etwas religiös. Politisch-ideologisch ordne ich mich mittig rechts ein. Ich identifiziere mich ziemlich stark mit der Partei CDU/CSU. Ich lebe in Westdeutschland. Ich finde, die Regierung sollte die Einwanderung erleichtern. Ich finde, die Regierung sollte Maßnahmen ergreifen, um die Einkommensunterschiede zu verringern. ",80.0,10.0,5.0,2.0,2.0,1.0,"{ ""parteien"": [ { ""name"": ""CDU/CSU"", ""wahrscheinlichkeit"": 80 }, { ""name"": ""SPD"", ""wahrscheinlichkeit"": 10 }, { ""name"": ""Grünen"", ""wahrscheinlichkeit"": 5 }, { ""name"": ""AfD"", ""wahrscheinlichkeit"": 2 }, { ""name"": ""Die Linke"", ""wahrscheinlichkeit"": 2 }, { ""name"": ""FDP"", ""wahrscheinlichkeit"": 1 } ] }"
43,CDU/CSU,"Ich bin 52 Jahre alt. Ich bin männlich. Ich habe Abitur. Ich habe ein mittleres monatliches Haushalts-Nettoeinkommen. Ich bin nicht berufstätig. Ich bin überhaupt nicht religiös. Politisch-ideologisch ordne ich mich mittig links ein. Ich identifiziere mich mäßig mit der Partei CDU/CSU. Ich lebe in Westdeutschland. Ich finde, die Regierung sollte die Einwanderung weder erleichtern noch einschränken. Ich finde, die Regierung sollte Maßnahmen ergreifen, um die Einkommensunterschiede zu verringern. ",20.0,30.0,15.0,5.0,20.0,10.0,"{""parteien"": [
    {""name"": ""CDU/CSU"", ""wahrscheinlichkeit"": 20},
    {""name"": ""SPD"", ""wahrscheinlichkeit"": 30},
    {""name"": ""Grünen"", ""wahrscheinlichkeit"": 15},
    {""name"": ""AfD"", ""wahrscheinlichkeit"": 5},
    {""name"": ""Die Linke"", ""wahrscheinlichkeit"": 20},
    {""name"": ""FDP"", ""wahrscheinlichkeit"": 10}
]}"
45,CDU/CSU,"Ich bin 82 Jahre alt. Ich bin männlich. Ich habe einen Hauptschulabschluss. Ich bin nicht berufstätig. Ich bin nicht sehr religiös. Politisch-ideologisch ordne ich mich in der Mitte ein. Ich identifiziere mich mit keiner Partei. Ich lebe in Westdeutschland. Ich finde, die Regierung sollte die Einwanderung erleichtern. Ich finde, die Regierung sollte Maßnahmen ergreifen, um die Einkommensunterschiede zu verringern. ",5.0,40.0,30.0,3.0,20.0,2.0,"{ ""parteien"": [
  { ""name"": ""SPD"", ""wahrscheinlichkeit"": 40 },
  { ""name"": ""Grünen"", ""wahrscheinlichkeit"": 30 },
  { ""name"": ""Die Linke"", ""wahrscheinlichkeit"": 20 },
  { ""name"": ""CDU/CSU"", ""wahrscheinlichkeit"": 5 },
  { ""name"": ""AfD"", ""wahrscheinlichkeit"": 3 },
  { ""name"": ""FDP"", ""wahrscheinlichkeit"": 2 }
] }"
46,Bündnis 90/Die Grünen,"Ich bin 29 Jahre alt. Ich bin männlich. Ich habe einen Hochschulabschluss. Ich habe ein hohes monatliches Haushalts-Nettoeinkommen. Ich bin berufstätig. Ich bin überhaupt nicht religiös. Politisch-ideologisch ordne ich mich mittig links ein. Ich identifiziere mich mäßig mit der Partei Bündnis 90/Die Grünen. Ich lebe in Westdeutschland. Ich finde, die Regierung sollte die Einwanderung erleichtern. Ich finde, die Regierung sollte keine Maßnahmen ergreifen, um die Einkommensunterschiede zu verringern. ",5.0,10.0,60.0,2.0,15.0,8.0,"{""parteien"": [
    {""name"": ""CDU/CSU"", ""wahrscheinlichkeit"": 5},
    {""name"": ""SPD"", ""wahrscheinlichkeit"": 10},
    {""name"": ""Grünen"", ""wahrscheinlichkeit"": 60},
    {""name"": ""AfD"", ""wahrscheinlichkeit"": 2},
    {""name"": ""Die Linke"", ""wahrscheinlichkeit"": 15},
    {""name"": ""FDP"", ""wahrscheinlichkeit"": 8}
]}"
47,FDP,"Ich bin 76 Jahre alt. Ich bin männlich. Ich habe einen Hochschulabschluss. Ich habe ein mittleres monatliches Haushalts-Nettoeinkommen. Ich bin nicht berufstätig. Ich bin nicht sehr religiös. Politisch-ideologisch ordne ich mich in der Mitte ein. Ich identifiziere mich mit keiner Partei. Ich lebe in Westdeutschland. Ich finde, die Regierung sollte die Einwanderung einschränken. Ich finde, die Regierung sollte keine Maßnahmen ergreifen, um die Einkommensunterschiede zu verringern. ",40.0,20.0,10.0,15.0,5.0,10.0,"{ ""parteien"": [ { ""name"": ""CDU/CSU"", ""wahrscheinlichkeit"": 40 }, { ""name"": ""SPD"", ""wahrscheinlichkeit"": 20 }, { ""name"": ""Grünen"", ""wahrscheinlichkeit"": 10 }, { ""name"": ""AfD"", ""wahrscheinlichkeit"": 15 }, { ""name"": ""Die Linke"", ""wahrscheinlichkeit"": 5 }, { ""name"": ""FDP"", ""wahrscheinlichkeit"": 10 } ] }"
48,CDU/CSU,"Ich bin 73 Jahre alt. Ich bin weiblich. Ich habe Abitur. Ich habe ein mittleres monatliches Haushalts-Nettoeinkommen. Ich bin nicht berufstätig. Ich bin etwas religiös. Politisch-ideologisch ordne ich mich in der Mitte ein. Ich identifiziere mich ziemlich stark mit der Partei SPD. Ich lebe in Westdeutschland. Ich finde, die Regierung sollte die Einwanderung erleichtern. Ich habe keine Meinung dazu, ob die Regierung Maßnahmen ergreifen sollte, um die Einkommensunterschiede zu verringern. ",10.0,60.0,20.0,2.0,5.0,3.0,"{ ""parteien"": [ { ""name"": ""SPD"", ""wahrscheinlichkeit"": 60 }, { ""name"": ""Grünen"", ""wahrscheinlichkeit"": 20 }, { ""name"": ""CDU/CSU"", ""wahrscheinlichkeit"": 10 }, { ""name"": ""Die Linke"", ""wahrscheinlichkeit"": 5 }, { ""name"": ""FDP"", ""wahrscheinlichkeit"": 3 }, { ""name"": ""AfD"", ""wahrscheinlichkeit"": 2 } ] }"
49,Die Linke,"Ich bin 32 Jahre alt. Ich bin weiblich. Ich habe einen Hochschulabschluss. Ich habe ein hohes monatliches Haushalts-Nettoeinkommen. Ich bin berufstätig. Ich bin nicht sehr religiös. Politisch-ideologisch ordne ich mich mittig links ein. Ich identifiziere mich mäßig mit der Partei Die Linke. Ich lebe in Westdeutschland. Ich finde, die Regierung sollte die Einwanderung erleichtern. Ich finde, die Regierung sollte Maßnahmen ergreifen, um die Einkommensunterschiede zu verringern. ",5.0,10.0,20.0,2.0,60.0,3.0,"{ ""parteien"": [ { ""name"": ""Die Linke"", ""wahrscheinlichkeit"": 60 }, { ""name"": ""Grünen"", ""wahrscheinlichkeit"": 20 }, { ""name"": ""SPD"", ""wahrscheinlichkeit"": 10 }, { ""name"": ""CDU/CSU"", ""wahrscheinlichkeit"": 5 }, { ""name"": ""FDP"", ""wahrscheinlichkeit"": 3 }, { ""name"": ""AfD"", ""wahrscheinlichkeit"": 2 } ] }"
50,SPD,"Ich bin 63 Jahre alt. Ich bin männlich. Ich habe einen Hochschulabschluss. Ich habe ein mittleres monatliches Haushalts-Nettoeinkommen. Ich bin nicht berufstätig. Ich bin nicht sehr religiös. Politisch-ideologisch ordne ich mich stark links ein. Ich identifiziere mich mäßig mit der Partei SPD. Ich lebe in Westdeutschland. Ich finde, die Regierung sollte die Einwanderung erleichtern. Ich finde, die Regierung sollte Maßnahmen ergreifen, um die Einkommensunterschiede zu verringern. ",5.0,30.0,25.0,3.0,35.0,2.0,"{""parteien"": [
    {""name"": ""Die Linke"", ""wahrscheinlichkeit"": 35},
    {""name"": ""SPD"", ""wahrscheinlichkeit"": 30},
    {""name"": ""Grünen"", ""wahrscheinlichkeit"": 25},
    {""name"": ""CDU/CSU"", ""wahrscheinlichkeit"": 5},
    {""name"": ""AfD"", ""wahrscheinlichkeit"": 3},
    {""name"": ""FDP"", ""wahrscheinlichkeit"": 2}
]}"
51,CDU/CSU,"Ich bin 60 Jahre alt. Ich bin männlich. Ich habe Abitur. Ich habe ein mittleres monatliches Haushalts-Nettoeinkommen. Ich bin berufstätig. Ich bin nicht sehr religiös. Politisch-ideologisch ordne ich mich mittig rechts ein. Ich identifiziere mich ziemlich schwach mit der Partei CDU/CSU. Ich lebe in Westdeutschland. Ich finde, die Regierung sollte die Einwanderung einschränken. Ich finde, die Regierung sollte Maßnahmen ergreifen, um die Einkommensunterschiede zu verringern. ",30.0,20.0,15.0,25.0,5.0,5.0,"{ ""parteien"": [ { ""name"": ""CDU/CSU"", ""wahrscheinlichkeit"": 30 }, { ""name"": ""SPD"", ""wahrscheinlichkeit"": 20 }, { ""name"": ""Grünen"", ""wahrscheinlichkeit"": 15 }, { ""name"": ""AfD"", ""wahrscheinlichkeit"": 25 }, { ""name"": ""Die Linke"", ""wahrscheinlichkeit"": 5 }, { ""name"": ""FDP"", ""wahrscheinlichkeit"": 5 } ] }"
53,CDU/CSU,"Ich bin 43 Jahre alt. Ich bin weiblich. Ich habe einen Realschulabschluss. Ich habe ein mittleres monatliches Haushalts-Nettoeinkommen. Ich bin berufstätig. Ich bin überhaupt nicht religiös. Politisch-ideologisch ordne ich mich in der Mitte ein. Ich identifiziere mich ziemlich stark mit der Partei CDU/CSU. Ich lebe in Westdeutschland. Ich finde, die Regierung sollte die Einwanderung einschränken. Ich finde, die Regierung sollte Maßnahmen ergreifen, um die Einkommensunterschiede zu verringern. ",60.0,20.0,5.0,10.0,3.0,2.0,"{ ""parteien"": [ { ""name"": ""CDU/CSU"", ""wahrscheinlichkeit"": 60 }, { ""name"": ""SPD"", ""wahrscheinlichkeit"": 20 }, { ""name"": ""Grünen"", ""wahrscheinlichkeit"": 5 }, { ""name"": ""AfD"", ""wahrscheinlichkeit"": 10 }, { ""name"": ""Die Linke"", ""wahrscheinlichkeit"": 3 }, { ""name"": ""FDP"", ""wahrscheinlichkeit"": 2 } ] }"
55,CDU/CSU,"Ich bin 55 Jahre alt. Ich bin weiblich. Ich habe einen Hauptschulabschluss. Ich habe ein mittleres monatliches Haushalts-Nettoeinkommen. Ich bin berufstätig. Ich bin etwas religiös. Politisch-ideologisch ordne ich mich in der Mitte ein. Ich identifiziere mich ziemlich stark mit der Partei CDU/CSU. Ich lebe in Westdeutschland. Ich finde, die Regierung sollte die Einwanderung weder erleichtern noch einschränken. Ich finde, die Regierung sollte Maßnahmen ergreifen, um die Einkommensunterschiede zu verringern. ",60.0,20.0,5.0,5.0,5.0,5.0,"{ ""parteien"": [ { ""name"": ""CDU/CSU"", ""wahrscheinlichkeit"": 60 }, { ""name"": ""SPD"", ""wahrscheinlichkeit"": 20 }, { ""name"": ""Grünen"", ""wahrscheinlichkeit"": 5 }, { ""name"": ""AfD"", ""wahrscheinlichkeit"": 5 }, { ""name"": ""Die Linke"", ""wahrscheinlichkeit"": 5 }, { ""name"": ""FDP"", ""wahrscheinlichkeit"": 5 } ] }"
56,Die Linke,"Ich bin 43 Jahre alt. Ich bin weiblich. Ich habe Abitur. Ich habe ein mittleres monatliches Haushalts-Nettoeinkommen. Ich bin nicht berufstätig. Ich bin etwas religiös. Politisch-ideologisch ordne ich mich mittig links ein. Ich identifiziere mich mit keiner Partei. Ich lebe in Westdeutschland. Ich finde, die Regierung sollte die Einwanderung erleichtern. Ich finde, die Regierung sollte Maßnahmen ergreifen, um die Einkommensunterschiede zu verringern. ",10.0,25.0,20.0,5.0,30.0,10.0,"{ ""parteien"": [ { ""name"": ""Die Linke"", ""wahrscheinlichkeit"": 30 }, { ""name"": ""SPD"", ""wahrscheinlichkeit"": 25 }, { ""name"": ""Grünen"", ""wahrscheinlichkeit"": 20 }, { ""name"": ""CDU/CSU"", ""wahrscheinlichkeit"": 10 }, { ""name"": ""AfD"", ""wahrscheinlichkeit"": 5 }, { ""name"": ""FDP"", ""wahrscheinlichkeit"": 10 } ] }"
57,CDU/CSU,"Ich bin 39 Jahre alt. Ich bin weiblich. Ich habe einen Hochschulabschluss. Ich habe ein hohes monatliches Haushalts-Nettoeinkommen. Ich bin berufstätig. Ich bin überhaupt nicht religiös. Politisch-ideologisch ordne ich mich in der Mitte ein. Ich identifiziere mich mäßig mit der Partei CDU/CSU. Ich lebe in Westdeutschland. Ich finde, die Regierung sollte die Einwanderung weder erleichtern noch einschränken. Ich finde, die Regierung sollte Maßnahmen ergreifen, um die Einkommensunterschiede zu verringern. ",20.0,25.0,30.0,5.0,10.0,10.0,"{ ""parteien"": [ { ""name"": ""CDU/CSU"", ""wahrscheinlichkeit"": 20 }, { ""name"": ""SPD"", ""wahrscheinlichkeit"": 25 }, { ""name"": ""Grünen"", ""wahrscheinlichkeit"": 30 }, { ""name"": ""AfD"", ""wahrscheinlichkeit"": 5 }, { ""name"": ""Die Linke"", ""wahrscheinlichkeit"": 10 }, { ""name"": ""FDP"", ""wahrscheinlichkeit"": 10 } ] }"
58,Bündnis 90/Die Grünen,"Ich bin 45 Jahre alt. Ich bin männlich. Ich habe einen Hochschulabschluss. Ich bin berufstätig. Ich bin überhaupt nicht religiös. Politisch-ideologisch ordne ich mich in der Mitte ein. Ich identifiziere mich mäßig mit der Partei Bündnis 90/Die Grünen. Ich lebe in Westdeutschland. Ich finde, die Regierung sollte die Einwanderung erleichtern. Ich habe keine Meinung dazu, ob die Regierung Maßnahmen ergreifen sollte, um die Einkommensunterschiede zu verringern. ",10.0,20.0,40.0,5.0,15.0,10.0,"{
    ""parteien"": [
        {""name"": ""CDU/CSU"", ""wahrscheinlichkeit"": 10},
        {""name"": ""SPD"", ""wahrscheinlichkeit"": 20},
        {""name"": ""Grünen"", ""wahrscheinlichkeit"": 40},
        {""name"": ""AfD"", ""wahrscheinlichkeit"": 5},
        {""name"": ""Die Linke"", ""wahrscheinlichkeit"": 15},
        {""name"": ""FDP"", ""wahrscheinlichkeit"": 10}
    ]
}"
59,CDU/CSU,"Ich bin 37 Jahre alt. Ich bin männlich. Ich habe einen Hochschulabschluss. Ich habe ein hohes monatliches Haushalts-Nettoeinkommen. Ich bin berufstätig. Ich bin etwas religiös. Politisch-ideologisch ordne ich mich in der Mitte ein. Ich identifiziere mich ziemlich stark mit der Partei CDU/CSU. Ich lebe in Westdeutschland. Ich finde, die Regierung sollte die Einwanderung erleichtern. Ich finde, die Regierung sollte keine Maßnahmen ergreifen, um die Einkommensunterschiede zu verringern. ",70.0,5.0,3.0,1.0,1.0,20.0,"{ ""parteien"": [ { ""name"": ""CDU/CSU"", ""wahrscheinlichkeit"": 70 }, { ""name"": ""FDP"", ""wahrscheinlichkeit"": 20 }, { ""name"": ""SPD"", ""wahrscheinlichkeit"": 5 }, { ""name"": ""Grünen"", ""wahrscheinlichkeit"": 3 }, { ""name"": ""AfD"", ""wahrscheinlichkeit"": 1 }, { ""name"": ""Die Linke"", ""wahrscheinlichkeit"": 1 } ] }"
60,SPD,"Ich bin 59 Jahre alt. Ich bin männlich. Ich habe einen Hochschulabschluss. Ich habe ein mittleres monatliches Haushalts-Nettoeinkommen. Ich bin berufstätig. Ich bin überhaupt nicht religiös. Politisch-ideologisch ordne ich mich mittig links ein. Ich identifiziere mich ziemlich stark mit der Partei Die Linke. Ich lebe in Westdeutschland. Ich finde, die Regierung sollte die Einwanderung erleichtern. Ich finde, die Regierung sollte Maßnahmen ergreifen, um die Einkommensunterschiede zu verringern. ",5.0,20.0,10.0,2.0,60.0,3.0,"{ ""parteien"": [ { ""name"": ""Die Linke"", ""wahrscheinlichkeit"": 60 }, { ""name"": ""SPD"", ""wahrscheinlichkeit"": 20 }, { ""name"": ""Grünen"", ""wahrscheinlichkeit"": 10 }, { ""name"": ""CDU/CSU"", ""wahrscheinlichkeit"": 5 }, { ""name"": ""FDP"", ""wahrscheinlichkeit"": 3 }, { ""name"": ""AfD"", ""wahrscheinlichkeit"": 2 } ] }"
